<?xml version="1.0" encoding="UTF-8"?>
<project-private xmlns="http://www.netbeans.org/ns/project-private/1">
    <editor-bookmarks xmlns="http://www.netbeans.org/ns/editor-bookmarks/2" lastBookmarkId="0"/>
    <open-files xmlns="http://www.netbeans.org/ns/projectui-open-files/2">
        <group>
            <file>file:/D:/kasir-rpl/kasir-12rpl_pertama/src/kasir/login.java</file>
            <file>file:/D:/kasir-rpl/kasir-12rpl_pertama/src/kasir/kasir.java</file>
            <file>file:/D:/kasir-rpl/kasir-12rpl_pertama/src/kasir/sign.java</file>
        </group>
    </open-files>
</project-private>
